MAC Address,Vendor/Name,Ping Count,Last RSSI,First Seen,Last Seen,Duration Visible (s)
C5:F7:A0:8C:D6:F7,Apple,12,-86,12:29:49,12:30:19,29.77
53:72:E2:2A:BA:98,Apple,5,-86,12:29:49,12:30:08,19.20
63:25:1E:1A:43:B9,Apple,124,-79,12:29:49,12:30:19,29.69
68:B3:02:BD:E2:98,Apple,14,-83,12:29:49,12:30:18,28.89
6E:15:3D:FE:54:1E,Apple,71,-79,12:29:49,12:30:18,29.39
5F:A9:7C:77:3D:F4,Apple,17,-83,12:29:49,12:30:16,27.24
5D:33:BE:C1:E2:AA,Apple,7,-71,12:29:49,12:30:16,26.98
7C:52:C2:AF:F0:16,Apple,28,-73,12:29:49,12:30:19,29.55
54:CA:DD:9D:43:1E,Apple,16,-79,12:29:49,12:30:19,29.60
56:2B:03:78:BD:E9,Apple,13,-79,12:29:49,12:30:15,25.58
66:00:43:BB:D8:7B,Apple,12,-78,12:29:49,12:30:16,26.52
6D:28:6A:3E:2B:A6,Apple,13,-83,12:29:49,12:30:18,28.70
16:27:B0:28:F4:4C,Microsoft,8,-86,12:29:49,12:30:13,23.76
7E:65:DA:CD:32:5A,Apple,25,-80,12:29:49,12:30:18,29.20
75:B0:D9:6E:98:27,Apple,42,-81,12:29:49,12:30:17,28.23
72:C0:5D:D5:96:5D,Apple,23,-68,12:29:49,12:30:17,28.08
F6:A5:9C:84:2F:B1,Apple,5,-59,12:29:49,12:30:11,22.05
70:4C:CB:AF:46:1C,Apple,30,-79,12:29:49,12:30:18,29.24
50:E3:CE:7D:96:36,Apple,2,-87,12:29:49,12:30:07,17.79
F8:E3:F1:F8:15:D5,Apple,3,-89,12:29:49,12:29:57,8.02
40:36:D3:B0:CA:40,Apple,18,-82,12:29:49,12:30:16,26.22
4C:2E:7B:30:29:08,Apple,29,-86,12:29:49,12:30:14,24.76
69:24:C7:1B:5D:C5,Apple,8,-72,12:29:49,12:30:15,25.76
4B:60:DF:5D:7A:A4,Apple,15,-62,12:29:49,12:30:18,28.92
63:C6:F3:93:00:CD,Apple,60,-83,12:29:49,12:30:18,28.17
7B:FD:F6:C5:ED:26,Apple,63,-46,12:29:49,12:30:18,29.07
52:15:7A:93:BC:06,Apple,13,-81,12:29:49,12:30:15,25.95
C1:7E:35:99:0F:BE,Apple,2,-89,12:29:49,12:29:55,5.75
CB:0C:81:53:C3:0E,Alto Busker_BLE,18,-77,12:29:49,12:30:18,28.70
6B:2C:B3:40:2E:EF,Apple,3,-78,12:29:49,12:29:56,6.15
73:31:6F:47:A5:90,Apple,28,-70,12:29:49,12:30:18,28.54
77:2C:43:B2:E1:F0,Apple,2,-79,12:29:49,12:30:03,13.74
61:4D:DA:74:2D:45,Apple,29,-62,12:29:50,12:30:17,27.38
45:79:47:07:4A:C6,Apple,25,-75,12:29:50,12:30:19,29.17
7A:D7:44:29:73:8B,Apple,8,-80,12:29:50,12:30:12,22.48
5A:95:9B:75:76:83,Apple,20,-79,12:29:50,12:30:19,29.05
7E:1B:77:44:DB:83,Apple,8,-84,12:29:50,12:30:02,12.88
7F:B4:5B:1A:5A:4D,Apple,34,-33,12:29:50,12:30:18,28.51
50:24:19:07:09:1A,Apple,9,-74,12:29:50,12:30:18,28.20
7A:ED:DE:28:D0:0D,Apple,34,-80,12:29:50,12:30:19,28.95
54:21:84:F3:53:6A,Apple,4,-67,12:29:50,12:30:10,20.08
71:C5:E9:CC:60:09,Apple,24,-81,12:29:50,12:30:18,27.88
47:FA:A2:89:D7:0D,Apple,22,-83,12:29:50,12:30:19,28.84
65:3C:AE:63:12:F0,Apple,4,-78,12:29:50,12:30:00,10.70
DB:00:E2:B3:85:76,Apple,3,-49,12:29:50,12:29:56,6.01
5A:6F:E3:15:49:52,Apple,6,-80,12:29:50,12:30:18,28.57
FB:06:76:2C:73:01,Apple,1,-71,12:29:50,12:29:50,0.00
72:D4:5A:7D:F2:27,JBL TUNE660NC-LE,30,-70,12:29:50,12:30:19,28.67
48:72:BC:A9:5E:A9,Apple,33,-74,12:29:50,12:30:17,26.72
6A:65:B2:B0:A5:CE,Apple,36,-79,12:29:50,12:30:18,28.30
68:C5:3A:03:82:82,Apple,6,-89,12:29:50,12:30:13,22.86
6F:51:CE:3A:4D:7D,Apple,25,-70,12:29:50,12:30:18,28.44
6B:0E:DB:AD:07:B3,Apple,18,-82,12:29:50,12:30:16,25.80
48:D5:E7:84:58:1E,Apple,11,-86,12:29:50,12:30:15,25.46
7D:07:B9:B8:6F:33,Apple,2,-76,12:29:50,12:30:13,22.59
58:75:BD:2B:FB:36,Apple,12,-84,12:29:50,12:30:18,28.32
44:05:DE:F6:08:D0,Apple,22,-92,12:29:50,12:30:19,28.67
53:E4:B6:34:6A:AF,Apple,13,-81,12:29:50,12:30:12,21.89
61:B0:26:8A:00:7B,Apple,36,-83,12:29:50,12:30:19,28.51
7D:CC:63:2F:80:47,Apple,5,-86,12:29:50,12:29:56,6.26
6E:BD:BB:AE:86:BE,Apple,4,-81,12:29:50,12:30:15,24.50
41:05:A0:13:E7:06,Apple,24,-81,12:29:50,12:30:18,27.79
43:08:42:8D:D7:41,Apple,14,-88,12:29:50,12:30:16,25.34
D7:EA:5F:B7:59:C3,Apple,2,-74,12:29:50,12:30:06,16.03
F7:46:AD:40:C6:8C,Apple,1,-73,12:29:50,12:29:50,0.00
FB:83:26:1D:94:C9,Apple,1,-70,12:29:50,12:29:50,0.00
61:15:74:F3:32:7D,Apple,8,-67,12:29:50,12:30:18,27.96
6A:6C:D0:0B:7B:99,Apple,17,-82,12:29:50,12:30:17,27.03
76:7F:B2:2D:26:33,Apple,24,-69,12:29:50,12:30:18,27.29
C7:BD:D8:FF:6B:24,Apple,5,-74,12:29:50,12:30:19,28.08
C5:4A:CF:74:28:DD,Apple,1,-69,12:29:50,12:29:50,0.00
53:FF:FD:35:1F:CD,Apple,10,-71,12:29:50,12:30:14,23.44
DB:F9:E9:7F:4B:79,Apple,5,-42,12:29:51,12:30:13,22.04
69:0B:13:BB:69:95,Apple,33,-85,12:29:51,12:30:18,27.72
04:E4:B6:E2:2B:FD,Samsung,5,-88,12:29:51,12:30:18,27.68
F8:F2:BD:86:65:BA,Apple,2,-87,12:29:51,12:29:59,8.03
57:8E:26:CC:F9:61,Apple,20,-81,12:29:51,12:30:18,27.75
42:D4:E9:B1:95:F0,Apple,41,-82,12:29:51,12:30:18,27.39
51:CF:96:C1:9E:DC,Apple,1,-85,12:29:51,12:29:51,0.00
D5:4B:4A:77:2F:2C,Unknown,3,-72,12:29:51,12:30:06,15.62
4E:9A:C5:82:9F:7D,Apple,7,-75,12:29:51,12:30:12,21.03
DC:FE:23:E2:2B:7C,ID: 301,49,-71,12:29:51,12:30:17,25.93
73:A9:EC:E5:58:4B,Apple,6,-85,12:29:51,12:30:14,22.92
CC:32:62:46:07:BB,Apple,3,-83,12:29:51,12:29:59,8.01
F0:1A:A0:6F:09:D3,ID: 283,1,-70,12:29:51,12:29:51,0.00
78:2C:D9:40:48:41,Apple,15,-79,12:29:51,12:30:15,24.22
CE:8F:3C:BA:BB:45,Apple,6,-69,12:29:51,12:30:17,26.07
5E:54:0A:30:48:32,Apple,13,-89,12:29:51,12:30:18,26.98
6F:F0:16:41:AB:13,Apple,2,-82,12:29:51,12:29:55,4.00
48:57:8D:02:F3:16,Apple,12,-77,12:29:51,12:30:16,24.97
47:B1:25:8A:56:B2,Apple,37,-81,12:29:51,12:30:15,23.95
5A:2F:7A:81:7A:65,Apple,1,-73,12:29:51,12:29:51,0.00
67:84:92:26:B2:C4,Apple,1,-88,12:29:51,12:29:51,0.00
C0:95:6D:6C:89:DF,Apple,19,-89,12:29:52,12:30:18,26.72
4B:25:3D:3E:14:DB,Apple,6,-74,12:29:52,12:30:15,22.84
76:5F:41:5C:07:C4,Apple,30,-78,12:29:52,12:30:17,24.89
F8:88:26:8D:51:13,Apple,6,-72,12:29:52,12:30:16,24.05
61:30:0E:CC:C3:A6,Apple,39,-72,12:29:52,12:30:19,26.70
65:21:21:5E:4E:97,Apple,4,-85,12:29:52,12:30:07,15.36
F1:99:42:11:3B:EE,Apple,6,-76,12:29:52,12:30:12,20.05
5E:E6:67:38:D0:DE,Apple,4,-81,12:29:52,12:29:58,6.58
CA:1D:55:E2:13:9F,Apple,2,-78,12:29:52,12:30:00,8.04
78:B6:A9:B1:11:F7,Apple,24,-81,12:29:52,12:30:18,26.17
CA:2D:0C:62:03:23,Apple,1,-82,12:29:52,12:29:52,0.00
FA:34:EF:76:B1:B6,Apple,3,-72,12:29:52,12:29:58,6.02
71:81:6B:1D:05:25,Apple,15,-84,12:29:52,12:30:14,22.31
61:FE:1A:A2:AB:9C,Apple,9,-84,12:29:52,12:30:19,26.33
CF:22:92:C0:BC:1C,Apple,1,-72,12:29:52,12:29:52,0.00
59:CD:45:55:4B:19,Apple,20,-82,12:29:52,12:30:13,20.90
60:3D:69:4B:51:D7,Apple,26,-79,12:29:52,12:30:15,22.83
FA:36:9D:BF:F6:84,Apple,2,-80,12:29:52,12:29:58,5.26
E0:49:DD:25:91:EC,Apple,7,-61,12:29:53,12:30:17,24.06
48:E1:5C:63:5C:33,Apple,30,-72,12:29:53,12:30:19,25.90
CF:60:FE:22:88:B0,Apple,1,-86,12:29:53,12:29:53,0.00
D2:E6:FA:0F:C8:13,Apple,6,-66,12:29:53,12:30:11,18.04
6E:F4:D3:2C:C2:2A,Apple,2,-82,12:29:53,12:29:58,4.95
CB:1B:9F:70:7C:77,Apple,2,-58,12:29:53,12:29:59,6.00
42:44:95:B7:B5:E0,Apple,11,-82,12:29:53,12:30:18,25.17
7B:D4:69:74:A6:16,Apple,2,-92,12:29:53,12:30:05,11.86
DC:9E:C3:67:D1:13,Apple,1,-81,12:29:53,12:29:53,0.00
60:8E:38:66:B5:D3,Apple,6,-88,12:29:53,12:30:18,24.70
45:29:12:2E:E7:A3,Apple,2,-65,12:29:53,12:29:57,3.85
75:8B:CD:8C:79:64,Apple,1,-79,12:29:53,12:29:53,0.00
66:CA:07:F1:07:44,Apple,106,-75,12:29:54,12:30:17,23.34
55:6E:D0:A5:94:25,Apple,12,-77,12:29:54,12:30:18,24.50
73:71:B5:13:C9:36,Apple,21,-75,12:29:54,12:30:16,22.53
F9:3C:AF:36:B4:0C,Apple,1,-92,12:29:54,12:29:54,0.00
48:E4:4A:DF:B3:2F,Apple,23,-69,12:29:54,12:30:18,23.87
EC:F0:AE:0D:EB:07,Apple,2,-79,12:29:54,12:30:00,6.03
56:F4:62:DC:C5:E1,Apple,1,-74,12:29:54,12:29:54,0.00
4F:24:F1:1D:C3:C7,Apple,34,-63,12:29:54,12:30:15,21.26
F7:BC:F7:47:3B:B0,Apple,1,-87,12:29:54,12:29:54,0.00
56:6F:95:A9:F9:5E,ID: 158,9,-74,12:29:54,12:30:11,16.30
FC:7B:E8:4B:5C:A6,Apple,1,-78,12:29:54,12:29:54,0.00
44:9F:F9:C8:E9:80,Apple,5,-74,12:29:54,12:30:18,23.44
D7:E7:2B:A9:1E:3B,Apple,2,-85,12:29:54,12:30:18,24.05
E9:7D:40:94:CE:F0,Apple,6,-91,12:29:54,12:30:19,24.07
7E:FB:7F:B9:5B:34,Apple,1,-74,12:29:55,12:29:55,0.00
5E:6F:6B:DE:86:34,Apple,5,-92,12:29:55,12:30:14,19.41
6F:41:51:5D:9C:CA,Apple,33,-63,12:29:55,12:30:18,23.70
F5:CC:24:4C:AE:5E,Apple,3,-70,12:29:55,12:29:59,4.01
69:1F:94:71:80:34,Apple,4,-80,12:29:55,12:30:15,20.10
4F:6B:FA:D5:A1:D3,Apple,3,-79,12:29:55,12:30:08,13.60
55:BD:95:7E:F7:6E,Apple,6,-79,12:29:55,12:30:05,10.18
47:F0:B6:8A:13:B8,Apple,2,-91,12:29:55,12:29:56,1.09
43:75:E6:61:C1:01,Apple,2,-90,12:29:55,12:29:55,0.18
73:CF:0E:40:0C:D3,Apple,9,-83,12:29:55,12:30:17,21.49
76:B1:C8:75:F2:43,Apple,4,-80,12:29:55,12:30:07,11.36
D1:26:00:EE:FA:68,Apple,1,-88,12:29:55,12:29:55,0.00
4E:29:33:59:A3:F9,Apple,16,-87,12:29:56,12:30:19,23.11
5C:84:F6:98:2F:CF,Apple,9,-81,12:29:56,12:30:17,20.81
D5:6D:C1:03:0D:C2,Apple,4,-69,12:29:56,12:30:06,10.03
5B:39:30:9D:A9:4C,Apple,2,-74,12:29:56,12:29:57,0.76
69:3B:02:A4:AA:B1,Apple,4,-82,12:29:56,12:30:18,22.01
45:FF:5A:36:CC:72,Apple,2,-73,12:29:56,12:30:18,22.54
5A:D4:6B:52:25:48,Apple,1,-93,12:29:56,12:29:56,0.00
6C:12:14:4E:3B:85,Apple,6,-75,12:29:56,12:30:13,16.62
79:EE:A9:23:35:67,Apple,18,-85,12:29:56,12:30:18,22.12
DB:61:73:E4:03:82,Apple,5,-46,12:29:56,12:30:18,22.04
E4:FB:3F:1B:29:C3,Apple,1,-81,12:29:56,12:29:56,0.00
52:28:89:8D:99:BB,Apple,1,-84,12:29:56,12:29:56,0.00
54:66:CB:33:EE:C1,Apple,7,-68,12:29:57,12:30:16,19.54
42:DE:E5:07:C8:E4,Apple,3,-91,12:29:57,12:30:14,16.87
56:97:07:25:EC:78,Apple,1,-70,12:29:57,12:29:57,0.00
E9:93:01:99:6D:D8,Apple,2,-74,12:29:57,12:30:17,20.05
64:0A:3D:1C:97:1A,Apple,7,-76,12:29:57,12:30:17,19.82
4E:15:7E:C0:91:02,Apple,5,-74,12:29:57,12:30:16,18.97
C5:04:0D:99:2F:62,Apple,2,-70,12:29:57,12:30:09,12.02
E0:43:8C:FD:F1:D2,Apple,2,-69,12:29:57,12:29:59,2.02
F0:1A:A0:6F:0A:24,ID: 283,1,-86,12:29:57,12:29:57,0.00
49:AB:02:F2:8B:6A,Apple,1,-76,12:29:57,12:29:57,0.00
DA:9D:E0:2E:12:24,Apple,3,-83,12:29:57,12:30:16,18.04
54:DA:8B:0B:65:8D,Apple,2,-76,12:29:58,12:30:09,11.01
CD:2B:2C:AA:0B:C4,Apple,2,-76,12:29:58,12:29:59,1.52
4D:8A:03:D6:81:73,Apple,8,-88,12:29:58,12:30:18,20.55
4D:08:C0:E9:47:3E,Apple,4,-84,12:29:58,12:30:19,20.53
79:95:9C:2E:83:D3,Apple,3,-87,12:29:58,12:30:06,7.96
7B:52:E1:9B:88:28,Apple,4,-87,12:29:59,12:30:19,20.05
EE:70:CD:96:52:F2,Apple,1,-66,12:29:59,12:29:59,0.00
42:88:AA:B1:44:65,Apple,17,-88,12:29:59,12:30:15,16.27
C9:4B:F9:AD:BA:4E,Apple,1,-88,12:29:59,12:29:59,0.00
F0:1A:A0:6E:99:6E,ID: 283,1,-81,12:29:59,12:29:59,0.00
C7:15:E9:5B:EB:69,Apple,1,-90,12:29:59,12:29:59,0.00
5B:C6:19:E3:ED:6E,Apple,11,-77,12:29:59,12:30:04,5.19
DF:AA:06:73:38:DA,Apple,2,-88,12:29:59,12:30:13,14.06
EE:AC:2B:BD:C4:42,Apple,5,-85,12:29:59,12:30:17,18.06
8C:26:AA:ED:0A:F8,Apple,3,-75,12:29:59,12:30:09,9.60
E5:6A:27:C5:CF:71,Apple,1,-87,12:29:59,12:29:59,0.00
55:0C:61:0B:82:8C,Apple,18,-75,12:30:00,12:30:18,18.60
D0:8F:65:2B:7F:62,Apple,7,-81,12:30:00,12:30:18,18.80
F8:15:09:4A:F2:3C,Apple,4,-67,12:30:00,12:30:18,18.45
EA:20:1A:A0:D1:E0,Apple,5,-42,12:30:00,12:30:16,16.36
FA:FF:AB:31:99:08,Apple,4,-76,12:30:00,12:30:18,18.04
E0:4F:A6:BB:C3:78,Apple,1,-83,12:30:00,12:30:00,0.00
6B:02:8D:62:99:4B,Apple,10,-74,12:30:00,12:30:04,4.44
FC:0B:2D:8A:4A:47,Apple,3,-76,12:30:00,12:30:07,7.40
0C:7E:24:3E:97:4D,ID: 135,3,-73,12:30:00,12:30:06,5.92
F0:1A:A0:6F:09:AC,ID: 283,2,-86,12:30:00,12:30:05,5.01
EB:9A:7A:8B:DC:DC,Apple,3,-76,12:30:00,12:30:14,14.04
47:B5:A2:D5:A7:82,Apple,19,-72,12:30:00,12:30:19,18.46
F0:1A:A0:6E:93:64,ID: 283,2,-67,12:30:00,12:30:05,4.99
FE:05:4D:84:5B:9A,Apple,1,-86,12:30:00,12:30:00,0.00
49:0C:E1:92:AE:B5,Apple,9,-71,12:30:00,12:30:17,16.76
72:14:9D:77:25:FC,Apple,5,-70,12:30:00,12:30:16,15.48
FE:0F:1F:3A:09:E3,Apple,3,-60,12:30:01,12:30:11,10.03
E8:DD:F0:B2:27:7D,Apple,1,-84,12:30:01,12:30:01,0.00
D7:61:0F:0F:75:FF,Apple,1,-87,12:30:01,12:30:01,0.00
58:71:16:36:2D:B0,Apple,4,-65,12:30:01,12:30:03,1.35
E1:54:FC:83:8E:32,Apple,2,-82,12:30:01,12:30:09,8.01
F9:F5:99:6C:59:7A,Apple,4,-81,12:30:02,12:30:13,11.39
FB:D9:30:39:42:1F,Apple,1,-82,12:30:02,12:30:02,0.00
D7:9F:EB:50:5F:4A,Apple,7,-31,12:30:02,12:30:18,16.04
6D:4F:A6:3A:75:85,Apple,9,-80,12:30:02,12:30:12,10.25
F0:B3:4A:DA:64:4E,Apple,2,-83,12:30:02,12:30:12,10.05
5A:EE:17:2A:B9:1E,Apple,3,-71,12:30:02,12:30:12,10.02
EE:9D:9A:A7:D3:A4,Apple,1,-84,12:30:02,12:30:02,0.00
45:DA:24:6F:5B:C7,Apple,3,-86,12:30:02,12:30:16,14.56
72:9D:47:DF:A8:2E,Apple,8,-84,12:30:02,12:30:11,8.53
C4:CE:61:34:1E:C4,Apple,1,-74,12:30:02,12:30:02,0.00
CE:E4:E5:88:8D:DF,Apple,3,-76,12:30:02,12:30:18,16.06
51:6F:7C:98:76:70,Apple,10,-74,12:30:02,12:30:18,15.69
5B:0E:2B:8C:95:45,Apple,11,-83,12:30:02,12:30:13,10.75
66:77:82:14:C8:09,Apple,2,-75,12:30:02,12:30:05,2.22
D2:DD:12:51:E8:1E,Apple,1,-81,12:30:03,12:30:03,0.00
2A:08:71:51:6D:80,Apple,14,-82,12:30:03,12:30:12,9.22
60:76:F2:05:5E:CB,Apple,6,-84,12:30:03,12:30:12,8.79
4A:21:3A:B0:77:3E,Apple,2,-90,12:30:04,12:30:07,3.31
E0:6B:B4:25:96:B7,Apple,1,-81,12:30:04,12:30:04,0.00
77:BC:73:2D:DB:97,Apple,7,-84,12:30:04,12:30:09,4.97
E3:0E:EF:B8:61:EE,Apple,3,-66,12:30:04,12:30:13,8.92
7D:A1:89:20:E9:9C,Apple,3,-74,12:30:04,12:30:10,5.56
7A:BA:E7:1F:D6:D0,Apple,2,-84,12:30:04,12:30:05,0.84
6D:47:B0:29:53:FF,Apple,11,-63,12:30:04,12:30:18,14.08
D6:3F:1A:26:A0:76,Apple,1,-82,12:30:05,12:30:05,0.00
46:3F:0C:02:B8:F3,Apple,2,-85,12:30:05,12:30:08,3.68
E3:69:95:89:51:1C,WHOOP 4C2058429,1,-92,12:30:05,12:30:05,0.00
FA:5B:6D:10:29:3A,Apple,2,-69,12:30:05,12:30:09,4.02
C2:4A:26:14:C0:B4,Apple,2,-74,12:30:05,12:30:17,12.03
CC:6D:63:F7:85:57,Apple,3,-67,12:30:05,12:30:15,10.00
4F:98:82:CB:35:19,Apple,2,-74,12:30:05,12:30:18,12.40
F0:1A:A0:6F:09:A8,ID: 283,1,-81,12:30:05,12:30:05,0.00
52:96:1F:89:0B:EA,Apple,2,-89,12:30:06,12:30:09,3.84
C0:56:FA:79:45:E0,Apple,2,-66,12:30:06,12:30:12,6.01
67:22:F0:EB:EE:CB,Apple,1,-77,12:30:06,12:30:06,0.00
7F:23:8F:89:24:09,Apple,2,-91,12:30:06,12:30:12,6.05
FA:8C:4C:A1:A8:6D,Apple,4,-82,12:30:06,12:30:19,12.77
CA:12:C2:A9:C9:EF,Apple,2,-79,12:30:06,12:30:18,12.03
EF:81:3A:28:94:D5,Apple,4,-65,12:30:07,12:30:17,10.02
FE:B0:7A:78:BC:FA,Apple,3,-82,12:30:07,12:30:13,6.00
FD:78:82:1B:6C:DE,Apple,1,-65,12:30:08,12:30:08,0.00
C1:9C:AE:A2:70:30,Apple,1,-84,12:30:08,12:30:08,0.00
D6:37:84:28:77:80,Apple,1,-84,12:30:08,12:30:08,0.00
D4:42:81:31:C8:AD,Apple,1,-82,12:30:08,12:30:08,0.00
E2:29:54:B7:49:72,Apple,2,-68,12:30:08,12:30:12,4.00
F5:85:8A:F1:6E:75,Apple,2,-79,12:30:08,12:30:14,6.00
F8:65:17:88:C8:66,Apple,2,-84,12:30:09,12:30:15,6.06
E7:AB:4D:6A:16:90,Apple,2,-80,12:30:09,12:30:13,4.02
F0:1A:A0:6F:06:D0,ID: 283,2,-69,12:30:09,12:30:14,4.99
79:66:82:CF:1C:74,Apple,2,-89,12:30:10,12:30:13,3.31
ED:A6:0B:CF:84:8D,Apple,1,-76,12:30:10,12:30:10,0.00
C5:1B:36:3F:AE:81,Apple,1,-81,12:30:10,12:30:10,0.00
D6:79:C7:AA:70:73,Apple,1,-90,12:30:10,12:30:10,0.00
6E:E9:B9:38:91:D7,Unknown,1,-77,12:30:10,12:30:10,0.00
E1:74:72:4E:B8:39,Apple,1,-87,12:30:11,12:30:11,0.00
C4:E1:06:C6:46:7B,Apple,2,-65,12:30:11,12:30:15,4.00
D5:E1:D7:56:96:53,Apple,1,-85,12:30:12,12:30:12,0.00
C5:18:7F:D4:B8:D2,Apple,2,-84,12:30:12,12:30:16,4.01
DF:AC:00:66:3E:0F,Apple,1,-92,12:30:12,12:30:12,0.00
D7:47:BB:58:53:60,Apple,2,-59,12:30:12,12:30:18,6.02
E2:6A:24:9E:3B:EF,Apple,2,-79,12:30:12,12:30:16,4.01
D2:23:CA:0C:7B:CF,Apple,28,-68,12:30:13,12:30:16,2.97
D7:33:0A:1A:EB:BB,Apple,1,-90,12:30:13,12:30:13,0.00
48:BD:E9:EF:A3:A3,Apple,2,-70,12:30:13,12:30:17,4.42
F7:A9:5F:60:C4:D6,Apple,1,-83,12:30:13,12:30:13,0.00
7C:8B:67:18:C4:2E,Apple,1,-85,12:30:14,12:30:14,0.00
EC:02:14:BA:82:B4,Apple,1,-72,12:30:14,12:30:14,0.00
C1:20:03:88:68:D2,Apple,1,-73,12:30:14,12:30:14,0.00
C6:93:3B:65:93:EA,Apple,2,-83,12:30:14,12:30:18,4.00
E5:43:DC:91:F7:5D,Apple,1,-86,12:30:15,12:30:15,0.00
F0:A4:C1:9B:67:18,Apple,11,-66,12:30:15,12:30:17,1.95
DD:22:4C:E0:C4:C3,Apple,1,-56,12:30:16,12:30:16,0.00
EB:99:0E:AB:A0:A8,Apple,1,-59,12:30:16,12:30:16,0.00
54:21:ED:60:43:0E,Apple,1,-81,12:30:16,12:30:16,0.00
E8:98:C0:A5:F4:83,Apple,5,-73,12:30:18,12:30:18,0.70
E1:2B:BA:77:A7:4D,Apple,1,-80,12:30:18,12:30:18,0.00
C2:EE:86:AC:A0:13,WHOOP 5B00348907,1,-66,12:30:19,12:30:19,0.00
